ag1808,SHFE,白银1808,1,1,15,0,
ag1808,SHFE,白银1808,1,1,15,0,
ag1808,SHFE,白银1808,1,1,15,0,
ag1808,SHFE,白银1808,1,1,15,0,
ag1808,SHFE,白银1808,1,1,15,0,
ag1808,SHFE,白银1808,1,1,15,0,
ag1808,SHFE,白银1808,1,1,15,0,
ag1808,SHFE,白银1808,1,1,15,0,
ag1808,SHFE,白银1808,1,1,15,0,
ag1808,SHFE,白银1808,1,1,15,0,
ag1808,SHFE,白银1808,1,1,15,0,
ag1808,SHFE,白银1808,1,1,15,0,
ag1808,SHFE,白银1808,1,1,15,0,
ag1808,SHFE,白银1808,1,1,15,0,
ag1808,SHFE,白银1808,1,1,15,0,
ag1808,SHFE,白银1808,1,1,15,0,
ag1808,SHFE,白银1808,1,1,15,0,
ag1808,SHFE,白银1808,1,1,15,0,
ag1808,SHFE,白银1808,1,1,15,0,
ag1808,SHFE,白银1808,1,1,15,0,
ag1808,SHFE,白银1808,1,1,15,0,
ag1808,SHFE,白银1808,1,1,15,0,
ag1808,SHFE,白银1808,1,1,15,0,
ag1808,SHFE,白银1808,1,1,15,0,
ag1808,SHFE,白银1808,1,1,15,0,
ag1808,SHFE,白银1808,1,1,15,0,
ag1808,SHFE,白银1808,1,1,15,0,
ag1808,SHFE,白银1808,1,1,15,0,
ag1808,SHFE,白银1808,1,1,15,0,
ag1808,SHFE,白银1808,1,1,15,0,
ag1808,SHFE,白银1808,1,1,15,0,
ag1808,SHFE,白银1808,1,1,15,0,
ag1808,SHFE,白银1808,1,1,15,0,
ag1808,SHFE,白银1808,1,1,15,0,
ag1808,SHFE,白银1808,1,1,15,0,
ag1808,SHFE,白银1808,1,1,15,0,
ag1808,SHFE,白银1808,1,1,15,0,
ag1808,SHFE,白银1808,1,1,15,0,
ag1808,SHFE,白银1808,1,1,15,0,
ag1808,SHFE,白银1808,1,1,15,0,
ag1808,SHFE,白银1808,1,1,15,0,
ag1808,SHFE,白银1808,1,1,15,0,
ag1808,SHFE,白银1808,1,1,15,0,
ag1808,SHFE,白银1808,1,1,15,0,
ag1808,SHFE,白银1808,1,1,15,0,
ag1808,SHFE,白银1808,1,1,15,0,
ag1808,SHFE,白银1808,1,1,15,0,
