AP810,CZCE,苹果810,1,1,10,0,
AP810,CZCE,苹果810,1,1,10,0,
AP810,CZCE,苹果810,1,1,10,0,
AP810,CZCE,苹果810,1,1,10,0,
AP810,CZCE,苹果810,1,1,10,0,
AP810,CZCE,苹果810,1,1,10,0,
AP810,CZCE,苹果810,1,1,10,0,
AP810,CZCE,苹果810,1,1,10,0,
AP810,CZCE,苹果810,1,1,10,0,
AP810,CZCE,苹果810,1,1,10,0,
AP810,CZCE,苹果810,1,1,10,0,
AP810,CZCE,苹果810,1,1,10,0,
AP810,CZCE,苹果810,1,1,10,0,
AP810,CZCE,苹果810,1,1,10,0,
AP810,CZCE,苹果810,1,1,10,0,
AP810,CZCE,苹果810,1,1,10,0,
AP810,CZCE,苹果810,1,1,10,0,
AP810,CZCE,苹果810,1,1,10,0,
AP810,CZCE,苹果810,1,1,10,0,
AP810,CZCE,苹果810,1,1,10,0,
AP810,CZCE,苹果810,1,1,10,0,
AP810,CZCE,苹果810,1,1,10,0,
AP810,CZCE,苹果810,1,1,10,0,
AP810,CZCE,苹果810,1,1,10,0,
AP810,CZCE,苹果810,1,1,10,0,
AP810,CZCE,苹果810,1,1,10,0,
AP810,CZCE,苹果810,1,1,10,0,
AP810,CZCE,苹果810,1,1,10,0,
AP810,CZCE,苹果810,1,1,10,0,
AP810,CZCE,苹果810,1,1,10,0,
AP810,CZCE,苹果810,1,1,10,0,
AP810,CZCE,苹果810,1,1,10,0,
AP810,CZCE,苹果810,1,1,10,0,
AP810,CZCE,苹果810,1,1,10,0,
AP810,CZCE,苹果810,1,1,10,0,
AP810,CZCE,苹果810,1,1,10,0,
AP810,CZCE,苹果810,1,1,10,0,
AP810,CZCE,苹果810,1,1,10,0,
AP810,CZCE,苹果810,1,1,10,0,
AP810,CZCE,苹果810,1,1,10,0,
AP810,CZCE,苹果810,1,1,10,0,
AP810,CZCE,苹果810,1,1,10,0,
AP810,CZCE,苹果810,1,1,10,0,
AP810,CZCE,苹果810,1,1,10,0,
AP810,CZCE,苹果810,1,1,10,0,
AP810,CZCE,苹果810,1,1,10,0,
AP810,CZCE,苹果810,1,1,10,0,
