bb1903,DCE,½ººÏ°å1903,0.05,1,500,0,
bb1903,DCE,½ººÏ°å1903,0.05,1,500,0,
bb1903,DCE,½ººÏ°å1903,0.05,1,500,0,
bb1903,DCE,½ººÏ°å1903,0.05,1,500,0,
bb1903,DCE,½ººÏ°å1903,0.05,1,500,0,
bb1903,DCE,½ººÏ°å1903,0.05,1,500,0,
bb1903,DCE,½ººÏ°å1903,0.05,1,500,0,
bb1903,DCE,½ººÏ°å1903,0.05,1,500,0,
bb1903,DCE,½ººÏ°å1903,0.05,1,500,0,
bb1903,DCE,½ººÏ°å1903,0.05,1,500,0,
bb1903,DCE,½ººÏ°å1903,0.05,1,500,0,
bb1903,DCE,½ººÏ°å1903,0.05,1,500,0,
bb1903,DCE,½ººÏ°å1903,0.05,1,500,0,
bb1903,DCE,½ººÏ°å1903,0.05,1,500,0,
bb1903,DCE,½ººÏ°å1903,0.05,1,500,0,
bb1903,DCE,½ººÏ°å1903,0.05,1,500,0,
bb1903,DCE,½ººÏ°å1903,0.05,1,500,0,
bb1903,DCE,½ººÏ°å1903,0.05,1,500,0,
bb1903,DCE,½ººÏ°å1903,0.05,1,500,0,
bb1903,DCE,½ººÏ°å1903,0.05,1,500,0,
bb1903,DCE,½ººÏ°å1903,0.05,1,500,0,
bb1903,DCE,½ººÏ°å1903,0.05,1,500,0,
bb1903,DCE,½ººÏ°å1903,0.05,1,500,0,
bb1903,DCE,½ººÏ°å1903,0.05,1,500,0,
bb1903,DCE,½ººÏ°å1903,0.05,1,500,0,
bb1903,DCE,½ººÏ°å1903,0.05,1,500,0,
bb1903,DCE,½ººÏ°å1903,0.05,1,500,0,
bb1903,DCE,½ººÏ°å1903,0.05,1,500,0,
bb1903,DCE,½ººÏ°å1903,0.05,1,500,0,
bb1903,DCE,½ººÏ°å1903,0.05,1,500,0,
bb1903,DCE,½ººÏ°å1903,0.05,1,500,0,
bb1903,DCE,½ººÏ°å1903,0.05,1,500,0,
bb1903,DCE,½ººÏ°å1903,0.05,1,500,0,
bb1903,DCE,½ººÏ°å1903,0.05,1,500,0,
bb1903,DCE,½ººÏ°å1903,0.05,1,500,0,
bb1903,DCE,½ººÏ°å1903,0.05,1,500,0,
bb1903,DCE,½ººÏ°å1903,0.05,1,500,0,
bb1903,DCE,½ººÏ°å1903,0.05,1,500,0,
bb1903,DCE,½ººÏ°å1903,0.05,1,500,0,
bb1903,DCE,½ººÏ°å1903,0.05,1,500,0,
bb1903,DCE,½ººÏ°å1903,0.05,1,500,0,
bb1903,DCE,½ººÏ°å1903,0.05,1,500,0,
bb1903,DCE,½ººÏ°å1903,0.05,1,500,0,
bb1903,DCE,½ººÏ°å1903,0.05,1,500,0,
bb1903,DCE,½ººÏ°å1903,0.05,1,500,0,
bb1903,DCE,½ººÏ°å1903,0.05,1,500,0,
bb1903,DCE,½ººÏ°å1903,0.05,1,500,0,
