cs1807,DCE,玉米淀粉1807,1,1,10,0,
cs1807,DCE,玉米淀粉1807,1,1,10,0,
cs1807,DCE,玉米淀粉1807,1,1,10,0,
cs1807,DCE,玉米淀粉1807,1,1,10,0,
cs1807,DCE,玉米淀粉1807,1,1,10,0,
cs1807,DCE,玉米淀粉1807,1,1,10,0,
cs1807,DCE,玉米淀粉1807,1,1,10,0,
cs1807,DCE,玉米淀粉1807,1,1,10,0,
cs1807,DCE,玉米淀粉1807,1,1,10,0,
cs1807,DCE,玉米淀粉1807,1,1,10,0,
cs1807,DCE,玉米淀粉1807,1,1,10,0,
cs1807,DCE,玉米淀粉1807,1,1,10,0,
cs1807,DCE,玉米淀粉1807,1,1,10,0,
cs1807,DCE,玉米淀粉1807,1,1,10,0,
cs1807,DCE,玉米淀粉1807,1,1,10,0,
cs1807,DCE,玉米淀粉1807,1,1,10,0,
cs1807,DCE,玉米淀粉1807,1,1,10,0,
cs1807,DCE,玉米淀粉1807,1,1,10,0,
cs1807,DCE,玉米淀粉1807,1,1,10,0,
cs1807,DCE,玉米淀粉1807,1,1,10,0,
cs1807,DCE,玉米淀粉1807,1,1,10,0,
cs1807,DCE,玉米淀粉1807,1,1,10,0,
cs1807,DCE,玉米淀粉1807,1,1,10,0,
cs1807,DCE,玉米淀粉1807,1,1,10,0,
cs1807,DCE,玉米淀粉1807,1,1,10,0,
cs1807,DCE,玉米淀粉1807,1,1,10,0,
cs1807,DCE,玉米淀粉1807,1,1,10,0,
cs1807,DCE,玉米淀粉1807,1,1,10,0,
cs1807,DCE,玉米淀粉1807,1,1,10,0,
cs1807,DCE,玉米淀粉1807,1,1,10,0,
cs1807,DCE,玉米淀粉1807,1,1,10,0,
cs1807,DCE,玉米淀粉1807,1,1,10,0,
cs1807,DCE,玉米淀粉1807,1,1,10,0,
cs1807,DCE,玉米淀粉1807,1,1,10,0,
cs1807,DCE,玉米淀粉1807,1,1,10,0,
cs1807,DCE,玉米淀粉1807,1,1,10,0,
cs1807,DCE,玉米淀粉1807,1,1,10,0,
cs1807,DCE,玉米淀粉1807,1,1,10,0,
cs1807,DCE,玉米淀粉1807,1,1,10,0,
cs1807,DCE,玉米淀粉1807,1,1,10,0,
cs1807,DCE,玉米淀粉1807,1,1,10,0,
cs1807,DCE,玉米淀粉1807,1,1,10,0,
cs1807,DCE,玉米淀粉1807,1,1,10,0,
cs1807,DCE,玉米淀粉1807,1,1,10,0,
cs1807,DCE,玉米淀粉1807,1,1,10,0,
cs1807,DCE,玉米淀粉1807,1,1,10,0,
