fb1812,DCE,окн╛╟Е1812,0.05,1,500,0,
fb1812,DCE,окн╛╟Е1812,0.05,1,500,0,
fb1812,DCE,окн╛╟Е1812,0.05,1,500,0,
fb1812,DCE,окн╛╟Е1812,0.05,1,500,0,
fb1812,DCE,окн╛╟Е1812,0.05,1,500,0,
fb1812,DCE,окн╛╟Е1812,0.05,1,500,0,
fb1812,DCE,окн╛╟Е1812,0.05,1,500,0,
fb1812,DCE,окн╛╟Е1812,0.05,1,500,0,
fb1812,DCE,окн╛╟Е1812,0.05,1,500,0,
fb1812,DCE,окн╛╟Е1812,0.05,1,500,0,
fb1812,DCE,окн╛╟Е1812,0.05,1,500,0,
fb1812,DCE,окн╛╟Е1812,0.05,1,500,0,
fb1812,DCE,окн╛╟Е1812,0.05,1,500,0,
fb1812,DCE,окн╛╟Е1812,0.05,1,500,0,
fb1812,DCE,окн╛╟Е1812,0.05,1,500,0,
fb1812,DCE,окн╛╟Е1812,0.05,1,500,0,
fb1812,DCE,окн╛╟Е1812,0.05,1,500,0,
fb1812,DCE,окн╛╟Е1812,0.05,1,500,0,
fb1812,DCE,окн╛╟Е1812,0.05,1,500,0,
fb1812,DCE,окн╛╟Е1812,0.05,1,500,0,
fb1812,DCE,окн╛╟Е1812,0.05,1,500,0,
fb1812,DCE,окн╛╟Е1812,0.05,1,500,0,
fb1812,DCE,окн╛╟Е1812,0.05,1,500,0,
fb1812,DCE,окн╛╟Е1812,0.05,1,500,0,
fb1812,DCE,окн╛╟Е1812,0.05,1,500,0,
fb1812,DCE,окн╛╟Е1812,0.05,1,500,0,
fb1812,DCE,окн╛╟Е1812,0.05,1,500,0,
fb1812,DCE,окн╛╟Е1812,0.05,1,500,0,
fb1812,DCE,окн╛╟Е1812,0.05,1,500,0,
fb1812,DCE,окн╛╟Е1812,0.05,1,500,0,
fb1812,DCE,окн╛╟Е1812,0.05,1,500,0,
fb1812,DCE,окн╛╟Е1812,0.05,1,500,0,
fb1812,DCE,окн╛╟Е1812,0.05,1,500,0,
fb1812,DCE,окн╛╟Е1812,0.05,1,500,0,
fb1812,DCE,окн╛╟Е1812,0.05,1,500,0,
fb1812,DCE,окн╛╟Е1812,0.05,1,500,0,
fb1812,DCE,окн╛╟Е1812,0.05,1,500,0,
fb1812,DCE,окн╛╟Е1812,0.05,1,500,0,
fb1812,DCE,окн╛╟Е1812,0.05,1,500,0,
fb1812,DCE,окн╛╟Е1812,0.05,1,500,0,
fb1812,DCE,окн╛╟Е1812,0.05,1,500,0,
fb1812,DCE,окн╛╟Е1812,0.05,1,500,0,
fb1812,DCE,окн╛╟Е1812,0.05,1,500,0,
fb1812,DCE,окн╛╟Е1812,0.05,1,500,0,
fb1812,DCE,окн╛╟Е1812,0.05,1,500,0,
fb1812,DCE,окн╛╟Е1812,0.05,1,500,0,
fb1812,DCE,окн╛╟Е1812,0.05,1,500,0,
