jd1905,DCE,œ º¶µ∞1905,1,1,10,0,
jd1905,DCE,œ º¶µ∞1905,1,1,10,0,
jd1905,DCE,œ º¶µ∞1905,1,1,10,0,
jd1905,DCE,œ º¶µ∞1905,1,1,10,0,
jd1905,DCE,œ º¶µ∞1905,1,1,10,0,
jd1905,DCE,œ º¶µ∞1905,1,1,10,0,
jd1905,DCE,œ º¶µ∞1905,1,1,10,0,
jd1905,DCE,œ º¶µ∞1905,1,1,10,0,
jd1905,DCE,œ º¶µ∞1905,1,1,10,0,
jd1905,DCE,œ º¶µ∞1905,1,1,10,0,
jd1905,DCE,œ º¶µ∞1905,1,1,10,0,
jd1905,DCE,œ º¶µ∞1905,1,1,10,0,
jd1905,DCE,œ º¶µ∞1905,1,1,10,0,
jd1905,DCE,œ º¶µ∞1905,1,1,10,0,
jd1905,DCE,œ º¶µ∞1905,1,1,10,0,
jd1905,DCE,œ º¶µ∞1905,1,1,10,0,
jd1905,DCE,œ º¶µ∞1905,1,1,10,0,
jd1905,DCE,œ º¶µ∞1905,1,1,10,0,
jd1905,DCE,œ º¶µ∞1905,1,1,10,0,
jd1905,DCE,œ º¶µ∞1905,1,1,10,0,
jd1905,DCE,œ º¶µ∞1905,1,1,10,0,
jd1905,DCE,œ º¶µ∞1905,1,1,10,0,
jd1905,DCE,œ º¶µ∞1905,1,1,10,0,
jd1905,DCE,œ º¶µ∞1905,1,1,10,0,
jd1905,DCE,œ º¶µ∞1905,1,1,10,0,
jd1905,DCE,œ º¶µ∞1905,1,1,10,0,
jd1905,DCE,œ º¶µ∞1905,1,1,10,0,
jd1905,DCE,œ º¶µ∞1905,1,1,10,0,
jd1905,DCE,œ º¶µ∞1905,1,1,10,0,
jd1905,DCE,œ º¶µ∞1905,1,1,10,0,
jd1905,DCE,œ º¶µ∞1905,1,1,10,0,
jd1905,DCE,œ º¶µ∞1905,1,1,10,0,
jd1905,DCE,œ º¶µ∞1905,1,1,10,0,
jd1905,DCE,œ º¶µ∞1905,1,1,10,0,
jd1905,DCE,œ º¶µ∞1905,1,1,10,0,
jd1905,DCE,œ º¶µ∞1905,1,1,10,0,
jd1905,DCE,œ º¶µ∞1905,1,1,10,0,
jd1905,DCE,œ º¶µ∞1905,1,1,10,0,
jd1905,DCE,œ º¶µ∞1905,1,1,10,0,
jd1905,DCE,œ º¶µ∞1905,1,1,10,0,
jd1905,DCE,œ º¶µ∞1905,1,1,10,0,
jd1905,DCE,œ º¶µ∞1905,1,1,10,0,
jd1905,DCE,œ º¶µ∞1905,1,1,10,0,
jd1905,DCE,œ º¶µ∞1905,1,1,10,0,
jd1905,DCE,œ º¶µ∞1905,1,1,10,0,
jd1905,DCE,œ º¶µ∞1905,1,1,10,0,
jd1905,DCE,œ º¶µ∞1905,1,1,10,0,
