l1904,DCE,쮙휊1904,5,1,5,0,
l1904,DCE,쮙휊1904,5,1,5,0,
l1904,DCE,쮙휊1904,5,1,5,0,
l1904,DCE,쮙휊1904,5,1,5,0,
l1904,DCE,쮙휊1904,5,1,5,0,
l1904,DCE,쮙휊1904,5,1,5,0,
l1904,DCE,쮙휊1904,5,1,5,0,
l1904,DCE,쮙휊1904,5,1,5,0,
l1904,DCE,쮙휊1904,5,1,5,0,
l1904,DCE,쮙휊1904,5,1,5,0,
l1904,DCE,쮙휊1904,5,1,5,0,
l1904,DCE,쮙휊1904,5,1,5,0,
l1904,DCE,쮙휊1904,5,1,5,0,
l1904,DCE,쮙휊1904,5,1,5,0,
l1904,DCE,쮙휊1904,5,1,5,0,
l1904,DCE,쮙휊1904,5,1,5,0,
l1904,DCE,쮙휊1904,5,1,5,0,
l1904,DCE,쮙휊1904,5,1,5,0,
l1904,DCE,쮙휊1904,5,1,5,0,
l1904,DCE,쮙휊1904,5,1,5,0,
l1904,DCE,쮙휊1904,5,1,5,0,
l1904,DCE,쮙휊1904,5,1,5,0,
l1904,DCE,쮙휊1904,5,1,5,0,
l1904,DCE,쮙휊1904,5,1,5,0,
l1904,DCE,쮙휊1904,5,1,5,0,
l1904,DCE,쮙휊1904,5,1,5,0,
l1904,DCE,쮙휊1904,5,1,5,0,
l1904,DCE,쮙휊1904,5,1,5,0,
l1904,DCE,쮙휊1904,5,1,5,0,
l1904,DCE,쮙휊1904,5,1,5,0,
l1904,DCE,쮙휊1904,5,1,5,0,
l1904,DCE,쮙휊1904,5,1,5,0,
l1904,DCE,쮙휊1904,5,1,5,0,
l1904,DCE,쮙휊1904,5,1,5,0,
l1904,DCE,쮙휊1904,5,1,5,0,
l1904,DCE,쮙휊1904,5,1,5,0,
l1904,DCE,쮙휊1904,5,1,5,0,
l1904,DCE,쮙휊1904,5,1,5,0,
l1904,DCE,쮙휊1904,5,1,5,0,
l1904,DCE,쮙휊1904,5,1,5,0,
l1904,DCE,쮙휊1904,5,1,5,0,
l1904,DCE,쮙휊1904,5,1,5,0,
l1904,DCE,쮙휊1904,5,1,5,0,
l1904,DCE,쮙휊1904,5,1,5,0,
l1904,DCE,쮙휊1904,5,1,5,0,
l1904,DCE,쮙휊1904,5,1,5,0,
l1904,DCE,쮙휊1904,5,1,5,0,
