MA811,CZCE,¼×´¼MA811,1,1,10,0,
MA811,CZCE,¼×´¼MA811,1,1,10,0,
MA811,CZCE,¼×´¼MA811,1,1,10,0,
MA811,CZCE,¼×´¼MA811,1,1,10,0,
MA811,CZCE,¼×´¼MA811,1,1,10,0,
MA811,CZCE,¼×´¼MA811,1,1,10,0,
MA811,CZCE,¼×´¼MA811,1,1,10,0,
MA811,CZCE,¼×´¼MA811,1,1,10,0,
MA811,CZCE,¼×´¼MA811,1,1,10,0,
MA811,CZCE,¼×´¼MA811,1,1,10,0,
MA811,CZCE,¼×´¼MA811,1,1,10,0,
MA811,CZCE,¼×´¼MA811,1,1,10,0,
MA811,CZCE,¼×´¼MA811,1,1,10,0,
MA811,CZCE,¼×´¼MA811,1,1,10,0,
MA811,CZCE,¼×´¼MA811,1,1,10,0,
MA811,CZCE,¼×´¼MA811,1,1,10,0,
MA811,CZCE,¼×´¼MA811,1,1,10,0,
MA811,CZCE,¼×´¼MA811,1,1,10,0,
MA811,CZCE,¼×´¼MA811,1,1,10,0,
MA811,CZCE,¼×´¼MA811,1,1,10,0,
MA811,CZCE,¼×´¼MA811,1,1,10,0,
MA811,CZCE,¼×´¼MA811,1,1,10,0,
MA811,CZCE,¼×´¼MA811,1,1,10,0,
MA811,CZCE,¼×´¼MA811,1,1,10,0,
MA811,CZCE,¼×´¼MA811,1,1,10,0,
MA811,CZCE,¼×´¼MA811,1,1,10,0,
MA811,CZCE,¼×´¼MA811,1,1,10,0,
MA811,CZCE,¼×´¼MA811,1,1,10,0,
MA811,CZCE,¼×´¼MA811,1,1,10,0,
MA811,CZCE,¼×´¼MA811,1,1,10,0,
MA811,CZCE,¼×´¼MA811,1,1,10,0,
MA811,CZCE,¼×´¼MA811,1,1,10,0,
MA811,CZCE,¼×´¼MA811,1,1,10,0,
MA811,CZCE,¼×´¼MA811,1,1,10,0,
MA811,CZCE,¼×´¼MA811,1,1,10,0,
MA811,CZCE,¼×´¼MA811,1,1,10,0,
MA811,CZCE,¼×´¼MA811,1,1,10,0,
MA811,CZCE,¼×´¼MA811,1,1,10,0,
MA811,CZCE,¼×´¼MA811,1,1,10,0,
MA811,CZCE,¼×´¼MA811,1,1,10,0,
MA811,CZCE,¼×´¼MA811,1,1,10,0,
MA811,CZCE,¼×´¼MA811,1,1,10,0,
MA811,CZCE,¼×´¼MA811,1,1,10,0,
MA811,CZCE,¼×´¼MA811,1,1,10,0,
MA811,CZCE,¼×´¼MA811,1,1,10,0,
MA811,CZCE,¼×´¼MA811,1,1,10,0,
MA811,CZCE,¼×´¼MA811,1,1,10,0,
