p1809,DCE,вьИ╣см1809,2,1,10,0,
p1809,DCE,вьИ╣см1809,2,1,10,0,
p1809,DCE,вьИ╣см1809,2,1,10,0,
p1809,DCE,вьИ╣см1809,2,1,10,0,
p1809,DCE,вьИ╣см1809,2,1,10,0,
p1809,DCE,вьИ╣см1809,2,1,10,0,
p1809,DCE,вьИ╣см1809,2,1,10,0,
p1809,DCE,вьИ╣см1809,2,1,10,0,
p1809,DCE,вьИ╣см1809,2,1,10,0,
p1809,DCE,вьИ╣см1809,2,1,10,0,
p1809,DCE,вьИ╣см1809,2,1,10,0,
p1809,DCE,вьИ╣см1809,2,1,10,0,
p1809,DCE,вьИ╣см1809,2,1,10,0,
p1809,DCE,вьИ╣см1809,2,1,10,0,
p1809,DCE,вьИ╣см1809,2,1,10,0,
p1809,DCE,вьИ╣см1809,2,1,10,0,
p1809,DCE,вьИ╣см1809,2,1,10,0,
p1809,DCE,вьИ╣см1809,2,1,10,0,
p1809,DCE,вьИ╣см1809,2,1,10,0,
p1809,DCE,вьИ╣см1809,2,1,10,0,
p1809,DCE,вьИ╣см1809,2,1,10,0,
p1809,DCE,вьИ╣см1809,2,1,10,0,
p1809,DCE,вьИ╣см1809,2,1,10,0,
p1809,DCE,вьИ╣см1809,2,1,10,0,
p1809,DCE,вьИ╣см1809,2,1,10,0,
p1809,DCE,вьИ╣см1809,2,1,10,0,
p1809,DCE,вьИ╣см1809,2,1,10,0,
p1809,DCE,вьИ╣см1809,2,1,10,0,
p1809,DCE,вьИ╣см1809,2,1,10,0,
p1809,DCE,вьИ╣см1809,2,1,10,0,
p1809,DCE,вьИ╣см1809,2,1,10,0,
p1809,DCE,вьИ╣см1809,2,1,10,0,
p1809,DCE,вьИ╣см1809,2,1,10,0,
p1809,DCE,вьИ╣см1809,2,1,10,0,
p1809,DCE,вьИ╣см1809,2,1,10,0,
p1809,DCE,вьИ╣см1809,2,1,10,0,
p1809,DCE,вьИ╣см1809,2,1,10,0,
p1809,DCE,вьИ╣см1809,2,1,10,0,
p1809,DCE,вьИ╣см1809,2,1,10,0,
p1809,DCE,вьИ╣см1809,2,1,10,0,
p1809,DCE,вьИ╣см1809,2,1,10,0,
p1809,DCE,вьИ╣см1809,2,1,10,0,
p1809,DCE,вьИ╣см1809,2,1,10,0,
p1809,DCE,вьИ╣см1809,2,1,10,0,
p1809,DCE,вьИ╣см1809,2,1,10,0,
p1809,DCE,вьИ╣см1809,2,1,10,0,
p1809,DCE,вьИ╣см1809,2,1,10,0,
