pb1901,SHFE,Ǧ1901,5,1,5,0,
pb1901,SHFE,Ǧ1901,5,1,5,0,
pb1901,SHFE,Ǧ1901,5,1,5,0,
pb1901,SHFE,Ǧ1901,5,1,5,0,
pb1901,SHFE,Ǧ1901,5,1,5,0,
pb1901,SHFE,Ǧ1901,5,1,5,0,
pb1901,SHFE,Ǧ1901,5,1,5,0,
pb1901,SHFE,Ǧ1901,5,1,5,0,
pb1901,SHFE,Ǧ1901,5,1,5,0,
pb1901,SHFE,Ǧ1901,5,1,5,0,
pb1901,SHFE,Ǧ1901,5,1,5,0,
pb1901,SHFE,Ǧ1901,5,1,5,0,
pb1901,SHFE,Ǧ1901,5,1,5,0,
pb1901,SHFE,Ǧ1901,5,1,5,0,
pb1901,SHFE,Ǧ1901,5,1,5,0,
pb1901,SHFE,Ǧ1901,5,1,5,0,
pb1901,SHFE,Ǧ1901,5,1,5,0,
pb1901,SHFE,Ǧ1901,5,1,5,0,
pb1901,SHFE,Ǧ1901,5,1,5,0,
pb1901,SHFE,Ǧ1901,5,1,5,0,
pb1901,SHFE,Ǧ1901,5,1,5,0,
pb1901,SHFE,Ǧ1901,5,1,5,0,
pb1901,SHFE,Ǧ1901,5,1,5,0,
pb1901,SHFE,Ǧ1901,5,1,5,0,
pb1901,SHFE,Ǧ1901,5,1,5,0,
pb1901,SHFE,Ǧ1901,5,1,5,0,
pb1901,SHFE,Ǧ1901,5,1,5,0,
pb1901,SHFE,Ǧ1901,5,1,5,0,
pb1901,SHFE,Ǧ1901,5,1,5,0,
pb1901,SHFE,Ǧ1901,5,1,5,0,
pb1901,SHFE,Ǧ1901,5,1,5,0,
pb1901,SHFE,Ǧ1901,5,1,5,0,
pb1901,SHFE,Ǧ1901,5,1,5,0,
pb1901,SHFE,Ǧ1901,5,1,5,0,
pb1901,SHFE,Ǧ1901,5,1,5,0,
pb1901,SHFE,Ǧ1901,5,1,5,0,
pb1901,SHFE,Ǧ1901,5,1,5,0,
pb1901,SHFE,Ǧ1901,5,1,5,0,
pb1901,SHFE,Ǧ1901,5,1,5,0,
pb1901,SHFE,Ǧ1901,5,1,5,0,
pb1901,SHFE,Ǧ1901,5,1,5,0,
pb1901,SHFE,Ǧ1901,5,1,5,0,
pb1901,SHFE,Ǧ1901,5,1,5,0,
pb1901,SHFE,Ǧ1901,5,1,5,0,
pb1901,SHFE,Ǧ1901,5,1,5,0,
pb1901,SHFE,Ǧ1901,5,1,5,0,
pb1901,SHFE,Ǧ1901,5,1,5,0,
