pp1902,DCE,쮙쐩필1902,1,1,5,0,
pp1902,DCE,쮙쐩필1902,1,1,5,0,
pp1902,DCE,쮙쐩필1902,1,1,5,0,
pp1902,DCE,쮙쐩필1902,1,1,5,0,
pp1902,DCE,쮙쐩필1902,1,1,5,0,
pp1902,DCE,쮙쐩필1902,1,1,5,0,
pp1902,DCE,쮙쐩필1902,1,1,5,0,
pp1902,DCE,쮙쐩필1902,1,1,5,0,
pp1902,DCE,쮙쐩필1902,1,1,5,0,
pp1902,DCE,쮙쐩필1902,1,1,5,0,
pp1902,DCE,쮙쐩필1902,1,1,5,0,
pp1902,DCE,쮙쐩필1902,1,1,5,0,
pp1902,DCE,쮙쐩필1902,1,1,5,0,
pp1902,DCE,쮙쐩필1902,1,1,5,0,
pp1902,DCE,쮙쐩필1902,1,1,5,0,
pp1902,DCE,쮙쐩필1902,1,1,5,0,
pp1902,DCE,쮙쐩필1902,1,1,5,0,
pp1902,DCE,쮙쐩필1902,1,1,5,0,
pp1902,DCE,쮙쐩필1902,1,1,5,0,
pp1902,DCE,쮙쐩필1902,1,1,5,0,
pp1902,DCE,쮙쐩필1902,1,1,5,0,
pp1902,DCE,쮙쐩필1902,1,1,5,0,
pp1902,DCE,쮙쐩필1902,1,1,5,0,
pp1902,DCE,쮙쐩필1902,1,1,5,0,
pp1902,DCE,쮙쐩필1902,1,1,5,0,
pp1902,DCE,쮙쐩필1902,1,1,5,0,
pp1902,DCE,쮙쐩필1902,1,1,5,0,
pp1902,DCE,쮙쐩필1902,1,1,5,0,
pp1902,DCE,쮙쐩필1902,1,1,5,0,
pp1902,DCE,쮙쐩필1902,1,1,5,0,
pp1902,DCE,쮙쐩필1902,1,1,5,0,
pp1902,DCE,쮙쐩필1902,1,1,5,0,
pp1902,DCE,쮙쐩필1902,1,1,5,0,
pp1902,DCE,쮙쐩필1902,1,1,5,0,
pp1902,DCE,쮙쐩필1902,1,1,5,0,
pp1902,DCE,쮙쐩필1902,1,1,5,0,
pp1902,DCE,쮙쐩필1902,1,1,5,0,
pp1902,DCE,쮙쐩필1902,1,1,5,0,
pp1902,DCE,쮙쐩필1902,1,1,5,0,
pp1902,DCE,쮙쐩필1902,1,1,5,0,
pp1902,DCE,쮙쐩필1902,1,1,5,0,
pp1902,DCE,쮙쐩필1902,1,1,5,0,
pp1902,DCE,쮙쐩필1902,1,1,5,0,
pp1902,DCE,쮙쐩필1902,1,1,5,0,
pp1902,DCE,쮙쐩필1902,1,1,5,0,
pp1902,DCE,쮙쐩필1902,1,1,5,0,
pp1902,DCE,쮙쐩필1902,1,1,5,0,
