rb1812,SHFE,ÂÝÎÆ¸Ö1812,1,1,10,0,
rb1812,SHFE,ÂÝÎÆ¸Ö1812,1,1,10,0,
rb1812,SHFE,ÂÝÎÆ¸Ö1812,1,1,10,0,
rb1812,SHFE,ÂÝÎÆ¸Ö1812,1,1,10,0,
rb1812,SHFE,ÂÝÎÆ¸Ö1812,1,1,10,0,
rb1812,SHFE,ÂÝÎÆ¸Ö1812,1,1,10,0,
rb1812,SHFE,ÂÝÎÆ¸Ö1812,1,1,10,0,
rb1812,SHFE,ÂÝÎÆ¸Ö1812,1,1,10,0,
rb1812,SHFE,ÂÝÎÆ¸Ö1812,1,1,10,0,
rb1812,SHFE,ÂÝÎÆ¸Ö1812,1,1,10,0,
rb1812,SHFE,ÂÝÎÆ¸Ö1812,1,1,10,0,
rb1812,SHFE,ÂÝÎÆ¸Ö1812,1,1,10,0,
rb1812,SHFE,ÂÝÎÆ¸Ö1812,1,1,10,0,
rb1812,SHFE,ÂÝÎÆ¸Ö1812,1,1,10,0,
rb1812,SHFE,ÂÝÎÆ¸Ö1812,1,1,10,0,
rb1812,SHFE,ÂÝÎÆ¸Ö1812,1,1,10,0,
rb1812,SHFE,ÂÝÎÆ¸Ö1812,1,1,10,0,
rb1812,SHFE,ÂÝÎÆ¸Ö1812,1,1,10,0,
rb1812,SHFE,ÂÝÎÆ¸Ö1812,1,1,10,0,
rb1812,SHFE,ÂÝÎÆ¸Ö1812,1,1,10,0,
rb1812,SHFE,ÂÝÎÆ¸Ö1812,1,1,10,0,
rb1812,SHFE,ÂÝÎÆ¸Ö1812,1,1,10,0,
rb1812,SHFE,ÂÝÎÆ¸Ö1812,1,1,10,0,
rb1812,SHFE,ÂÝÎÆ¸Ö1812,1,1,10,0,
rb1812,SHFE,ÂÝÎÆ¸Ö1812,1,1,10,0,
rb1812,SHFE,ÂÝÎÆ¸Ö1812,1,1,10,0,
rb1812,SHFE,ÂÝÎÆ¸Ö1812,1,1,10,0,
rb1812,SHFE,ÂÝÎÆ¸Ö1812,1,1,10,0,
rb1812,SHFE,ÂÝÎÆ¸Ö1812,1,1,10,0,
rb1812,SHFE,ÂÝÎÆ¸Ö1812,1,1,10,0,
rb1812,SHFE,ÂÝÎÆ¸Ö1812,1,1,10,0,
rb1812,SHFE,ÂÝÎÆ¸Ö1812,1,1,10,0,
rb1812,SHFE,ÂÝÎÆ¸Ö1812,1,1,10,0,
rb1812,SHFE,ÂÝÎÆ¸Ö1812,1,1,10,0,
rb1812,SHFE,ÂÝÎÆ¸Ö1812,1,1,10,0,
rb1812,SHFE,ÂÝÎÆ¸Ö1812,1,1,10,0,
rb1812,SHFE,ÂÝÎÆ¸Ö1812,1,1,10,0,
rb1812,SHFE,ÂÝÎÆ¸Ö1812,1,1,10,0,
rb1812,SHFE,ÂÝÎÆ¸Ö1812,1,1,10,0,
rb1812,SHFE,ÂÝÎÆ¸Ö1812,1,1,10,0,
rb1812,SHFE,ÂÝÎÆ¸Ö1812,1,1,10,0,
rb1812,SHFE,ÂÝÎÆ¸Ö1812,1,1,10,0,
rb1812,SHFE,ÂÝÎÆ¸Ö1812,1,1,10,0,
rb1812,SHFE,ÂÝÎÆ¸Ö1812,1,1,10,0,
rb1812,SHFE,ÂÝÎÆ¸Ö1812,1,1,10,0,
rb1812,SHFE,ÂÝÎÆ¸Ö1812,1,1,10,0,
rb1812,SHFE,ÂÝÎÆ¸Ö1812,1,1,10,0,
