RI809,CZCE,ΤητΜµΎ809,1,1,20,0,
RI809,CZCE,ΤητΜµΎ809,1,1,20,0,
RI809,CZCE,ΤητΜµΎ809,1,1,20,0,
RI809,CZCE,ΤητΜµΎ809,1,1,20,0,
RI809,CZCE,ΤητΜµΎ809,1,1,20,0,
RI809,CZCE,ΤητΜµΎ809,1,1,20,0,
RI809,CZCE,ΤητΜµΎ809,1,1,20,0,
RI809,CZCE,ΤητΜµΎ809,1,1,20,0,
RI809,CZCE,ΤητΜµΎ809,1,1,20,0,
RI809,CZCE,ΤητΜµΎ809,1,1,20,0,
RI809,CZCE,ΤητΜµΎ809,1,1,20,0,
RI809,CZCE,ΤητΜµΎ809,1,1,20,0,
RI809,CZCE,ΤητΜµΎ809,1,1,20,0,
RI809,CZCE,ΤητΜµΎ809,1,1,20,0,
RI809,CZCE,ΤητΜµΎ809,1,1,20,0,
RI809,CZCE,ΤητΜµΎ809,1,1,20,0,
RI809,CZCE,ΤητΜµΎ809,1,1,20,0,
RI809,CZCE,ΤητΜµΎ809,1,1,20,0,
RI809,CZCE,ΤητΜµΎ809,1,1,20,0,
RI809,CZCE,ΤητΜµΎ809,1,1,20,0,
RI809,CZCE,ΤητΜµΎ809,1,1,20,0,
RI809,CZCE,ΤητΜµΎ809,1,1,20,0,
RI809,CZCE,ΤητΜµΎ809,1,1,20,0,
RI809,CZCE,ΤητΜµΎ809,1,1,20,0,
RI809,CZCE,ΤητΜµΎ809,1,1,20,0,
RI809,CZCE,ΤητΜµΎ809,1,1,20,0,
RI809,CZCE,ΤητΜµΎ809,1,1,20,0,
RI809,CZCE,ΤητΜµΎ809,1,1,20,0,
RI809,CZCE,ΤητΜµΎ809,1,1,20,0,
RI809,CZCE,ΤητΜµΎ809,1,1,20,0,
RI809,CZCE,ΤητΜµΎ809,1,1,20,0,
RI809,CZCE,ΤητΜµΎ809,1,1,20,0,
RI809,CZCE,ΤητΜµΎ809,1,1,20,0,
RI809,CZCE,ΤητΜµΎ809,1,1,20,0,
RI809,CZCE,ΤητΜµΎ809,1,1,20,0,
RI809,CZCE,ΤητΜµΎ809,1,1,20,0,
RI809,CZCE,ΤητΜµΎ809,1,1,20,0,
RI809,CZCE,ΤητΜµΎ809,1,1,20,0,
RI809,CZCE,ΤητΜµΎ809,1,1,20,0,
RI809,CZCE,ΤητΜµΎ809,1,1,20,0,
RI809,CZCE,ΤητΜµΎ809,1,1,20,0,
RI809,CZCE,ΤητΜµΎ809,1,1,20,0,
RI809,CZCE,ΤητΜµΎ809,1,1,20,0,
RI809,CZCE,ΤητΜµΎ809,1,1,20,0,
RI809,CZCE,ΤητΜµΎ809,1,1,20,0,
RI809,CZCE,ΤητΜµΎ809,1,1,20,0,
RI809,CZCE,ΤητΜµΎ809,1,1,20,0,
