RM808,CZCE,²Ë×ÑÆÉ808,1,1,10,0,
RM808,CZCE,²Ë×ÑÆÉ808,1,1,10,0,
RM808,CZCE,²Ë×ÑÆÉ808,1,1,10,0,
RM808,CZCE,²Ë×ÑÆÉ808,1,1,10,0,
RM808,CZCE,²Ë×ÑÆÉ808,1,1,10,0,
RM808,CZCE,²Ë×ÑÆÉ808,1,1,10,0,
RM808,CZCE,²Ë×ÑÆÉ808,1,1,10,0,
RM808,CZCE,²Ë×ÑÆÉ808,1,1,10,0,
RM808,CZCE,²Ë×ÑÆÉ808,1,1,10,0,
RM808,CZCE,²Ë×ÑÆÉ808,1,1,10,0,
RM808,CZCE,²Ë×ÑÆÉ808,1,1,10,0,
RM808,CZCE,²Ë×ÑÆÉ808,1,1,10,0,
RM808,CZCE,²Ë×ÑÆÉ808,1,1,10,0,
RM808,CZCE,²Ë×ÑÆÉ808,1,1,10,0,
RM808,CZCE,²Ë×ÑÆÉ808,1,1,10,0,
RM808,CZCE,²Ë×ÑÆÉ808,1,1,10,0,
RM808,CZCE,²Ë×ÑÆÉ808,1,1,10,0,
RM808,CZCE,²Ë×ÑÆÉ808,1,1,10,0,
RM808,CZCE,²Ë×ÑÆÉ808,1,1,10,0,
RM808,CZCE,²Ë×ÑÆÉ808,1,1,10,0,
RM808,CZCE,²Ë×ÑÆÉ808,1,1,10,0,
RM808,CZCE,²Ë×ÑÆÉ808,1,1,10,0,
RM808,CZCE,²Ë×ÑÆÉ808,1,1,10,0,
RM808,CZCE,²Ë×ÑÆÉ808,1,1,10,0,
RM808,CZCE,²Ë×ÑÆÉ808,1,1,10,0,
RM808,CZCE,²Ë×ÑÆÉ808,1,1,10,0,
RM808,CZCE,²Ë×ÑÆÉ808,1,1,10,0,
RM808,CZCE,²Ë×ÑÆÉ808,1,1,10,0,
RM808,CZCE,²Ë×ÑÆÉ808,1,1,10,0,
RM808,CZCE,²Ë×ÑÆÉ808,1,1,10,0,
RM808,CZCE,²Ë×ÑÆÉ808,1,1,10,0,
RM808,CZCE,²Ë×ÑÆÉ808,1,1,10,0,
RM808,CZCE,²Ë×ÑÆÉ808,1,1,10,0,
RM808,CZCE,²Ë×ÑÆÉ808,1,1,10,0,
RM808,CZCE,²Ë×ÑÆÉ808,1,1,10,0,
RM808,CZCE,²Ë×ÑÆÉ808,1,1,10,0,
RM808,CZCE,²Ë×ÑÆÉ808,1,1,10,0,
RM808,CZCE,²Ë×ÑÆÉ808,1,1,10,0,
RM808,CZCE,²Ë×ÑÆÉ808,1,1,10,0,
RM808,CZCE,²Ë×ÑÆÉ808,1,1,10,0,
RM808,CZCE,²Ë×ÑÆÉ808,1,1,10,0,
RM808,CZCE,²Ë×ÑÆÉ808,1,1,10,0,
RM808,CZCE,²Ë×ÑÆÉ808,1,1,10,0,
RM808,CZCE,²Ë×ÑÆÉ808,1,1,10,0,
RM808,CZCE,²Ë×ÑÆÉ808,1,1,10,0,
RM808,CZCE,²Ë×ÑÆÉ808,1,1,10,0,
RM808,CZCE,²Ë×ÑÆÉ808,1,1,10,0,
