ru1808,SHFE,天然橡胶1808,5,1,10,0,
ru1808,SHFE,天然橡胶1808,5,1,10,0,
ru1808,SHFE,天然橡胶1808,5,1,10,0,
ru1808,SHFE,天然橡胶1808,5,1,10,0,
ru1808,SHFE,天然橡胶1808,5,1,10,0,
ru1808,SHFE,天然橡胶1808,5,1,10,0,
ru1808,SHFE,天然橡胶1808,5,1,10,0,
ru1808,SHFE,天然橡胶1808,5,1,10,0,
ru1808,SHFE,天然橡胶1808,5,1,10,0,
ru1808,SHFE,天然橡胶1808,5,1,10,0,
ru1808,SHFE,天然橡胶1808,5,1,10,0,
ru1808,SHFE,天然橡胶1808,5,1,10,0,
ru1808,SHFE,天然橡胶1808,5,1,10,0,
ru1808,SHFE,天然橡胶1808,5,1,10,0,
ru1808,SHFE,天然橡胶1808,5,1,10,0,
ru1808,SHFE,天然橡胶1808,5,1,10,0,
ru1808,SHFE,天然橡胶1808,5,1,10,0,
ru1808,SHFE,天然橡胶1808,5,1,10,0,
ru1808,SHFE,天然橡胶1808,5,1,10,0,
ru1808,SHFE,天然橡胶1808,5,1,10,0,
ru1808,SHFE,天然橡胶1808,5,1,10,0,
ru1808,SHFE,天然橡胶1808,5,1,10,0,
ru1808,SHFE,天然橡胶1808,5,1,10,0,
ru1808,SHFE,天然橡胶1808,5,1,10,0,
ru1808,SHFE,天然橡胶1808,5,1,10,0,
ru1808,SHFE,天然橡胶1808,5,1,10,0,
ru1808,SHFE,天然橡胶1808,5,1,10,0,
ru1808,SHFE,天然橡胶1808,5,1,10,0,
ru1808,SHFE,天然橡胶1808,5,1,10,0,
ru1808,SHFE,天然橡胶1808,5,1,10,0,
ru1808,SHFE,天然橡胶1808,5,1,10,0,
ru1808,SHFE,天然橡胶1808,5,1,10,0,
ru1808,SHFE,天然橡胶1808,5,1,10,0,
ru1808,SHFE,天然橡胶1808,5,1,10,0,
ru1808,SHFE,天然橡胶1808,5,1,10,0,
ru1808,SHFE,天然橡胶1808,5,1,10,0,
ru1808,SHFE,天然橡胶1808,5,1,10,0,
ru1808,SHFE,天然橡胶1808,5,1,10,0,
ru1808,SHFE,天然橡胶1808,5,1,10,0,
ru1808,SHFE,天然橡胶1808,5,1,10,0,
ru1808,SHFE,天然橡胶1808,5,1,10,0,
ru1808,SHFE,天然橡胶1808,5,1,10,0,
ru1808,SHFE,天然橡胶1808,5,1,10,0,
ru1808,SHFE,天然橡胶1808,5,1,10,0,
ru1808,SHFE,天然橡胶1808,5,1,10,0,
ru1808,SHFE,天然橡胶1808,5,1,10,0,
ru1808,SHFE,天然橡胶1808,5,1,10,0,
