SM807,CZCE,รฬน่807,2,1,5,0,
SM807,CZCE,รฬน่807,2,1,5,0,
SM807,CZCE,รฬน่807,2,1,5,0,
SM807,CZCE,รฬน่807,2,1,5,0,
SM807,CZCE,รฬน่807,2,1,5,0,
SM807,CZCE,รฬน่807,2,1,5,0,
SM807,CZCE,รฬน่807,2,1,5,0,
SM807,CZCE,รฬน่807,2,1,5,0,
SM807,CZCE,รฬน่807,2,1,5,0,
SM807,CZCE,รฬน่807,2,1,5,0,
SM807,CZCE,รฬน่807,2,1,5,0,
SM807,CZCE,รฬน่807,2,1,5,0,
SM807,CZCE,รฬน่807,2,1,5,0,
SM807,CZCE,รฬน่807,2,1,5,0,
SM807,CZCE,รฬน่807,2,1,5,0,
SM807,CZCE,รฬน่807,2,1,5,0,
SM807,CZCE,รฬน่807,2,1,5,0,
SM807,CZCE,รฬน่807,2,1,5,0,
SM807,CZCE,รฬน่807,2,1,5,0,
SM807,CZCE,รฬน่807,2,1,5,0,
SM807,CZCE,รฬน่807,2,1,5,0,
SM807,CZCE,รฬน่807,2,1,5,0,
SM807,CZCE,รฬน่807,2,1,5,0,
SM807,CZCE,รฬน่807,2,1,5,0,
SM807,CZCE,รฬน่807,2,1,5,0,
SM807,CZCE,รฬน่807,2,1,5,0,
SM807,CZCE,รฬน่807,2,1,5,0,
SM807,CZCE,รฬน่807,2,1,5,0,
SM807,CZCE,รฬน่807,2,1,5,0,
SM807,CZCE,รฬน่807,2,1,5,0,
SM807,CZCE,รฬน่807,2,1,5,0,
SM807,CZCE,รฬน่807,2,1,5,0,
SM807,CZCE,รฬน่807,2,1,5,0,
SM807,CZCE,รฬน่807,2,1,5,0,
SM807,CZCE,รฬน่807,2,1,5,0,
SM807,CZCE,รฬน่807,2,1,5,0,
SM807,CZCE,รฬน่807,2,1,5,0,
SM807,CZCE,รฬน่807,2,1,5,0,
SM807,CZCE,รฬน่807,2,1,5,0,
SM807,CZCE,รฬน่807,2,1,5,0,
SM807,CZCE,รฬน่807,2,1,5,0,
SM807,CZCE,รฬน่807,2,1,5,0,
SM807,CZCE,รฬน่807,2,1,5,0,
SM807,CZCE,รฬน่807,2,1,5,0,
SM807,CZCE,รฬน่807,2,1,5,0,
SM807,CZCE,รฬน่807,2,1,5,0,
