WH809,CZCE,强筋麦809,1,1,20,0,
WH809,CZCE,强筋麦809,1,1,20,0,
WH809,CZCE,强筋麦809,1,1,20,0,
WH809,CZCE,强筋麦809,1,1,20,0,
WH809,CZCE,强筋麦809,1,1,20,0,
WH809,CZCE,强筋麦809,1,1,20,0,
WH809,CZCE,强筋麦809,1,1,20,0,
WH809,CZCE,强筋麦809,1,1,20,0,
WH809,CZCE,强筋麦809,1,1,20,0,
WH809,CZCE,强筋麦809,1,1,20,0,
WH809,CZCE,强筋麦809,1,1,20,0,
WH809,CZCE,强筋麦809,1,1,20,0,
WH809,CZCE,强筋麦809,1,1,20,0,
WH809,CZCE,强筋麦809,1,1,20,0,
WH809,CZCE,强筋麦809,1,1,20,0,
WH809,CZCE,强筋麦809,1,1,20,0,
WH809,CZCE,强筋麦809,1,1,20,0,
WH809,CZCE,强筋麦809,1,1,20,0,
WH809,CZCE,强筋麦809,1,1,20,0,
WH809,CZCE,强筋麦809,1,1,20,0,
WH809,CZCE,强筋麦809,1,1,20,0,
WH809,CZCE,强筋麦809,1,1,20,0,
WH809,CZCE,强筋麦809,1,1,20,0,
WH809,CZCE,强筋麦809,1,1,20,0,
WH809,CZCE,强筋麦809,1,1,20,0,
WH809,CZCE,强筋麦809,1,1,20,0,
WH809,CZCE,强筋麦809,1,1,20,0,
WH809,CZCE,强筋麦809,1,1,20,0,
WH809,CZCE,强筋麦809,1,1,20,0,
WH809,CZCE,强筋麦809,1,1,20,0,
WH809,CZCE,强筋麦809,1,1,20,0,
WH809,CZCE,强筋麦809,1,1,20,0,
WH809,CZCE,强筋麦809,1,1,20,0,
WH809,CZCE,强筋麦809,1,1,20,0,
WH809,CZCE,强筋麦809,1,1,20,0,
WH809,CZCE,强筋麦809,1,1,20,0,
WH809,CZCE,强筋麦809,1,1,20,0,
WH809,CZCE,强筋麦809,1,1,20,0,
WH809,CZCE,强筋麦809,1,1,20,0,
WH809,CZCE,强筋麦809,1,1,20,0,
WH809,CZCE,强筋麦809,1,1,20,0,
WH809,CZCE,强筋麦809,1,1,20,0,
WH809,CZCE,强筋麦809,1,1,20,0,
WH809,CZCE,强筋麦809,1,1,20,0,
WH809,CZCE,强筋麦809,1,1,20,0,
WH809,CZCE,强筋麦809,1,1,20,0,
WH809,CZCE,强筋麦809,1,1,20,0,
