y1903,DCE,∂π”Õ1903,2,1,10,0,
y1903,DCE,∂π”Õ1903,2,1,10,0,
y1903,DCE,∂π”Õ1903,2,1,10,0,
y1903,DCE,∂π”Õ1903,2,1,10,0,
y1903,DCE,∂π”Õ1903,2,1,10,0,
y1903,DCE,∂π”Õ1903,2,1,10,0,
y1903,DCE,∂π”Õ1903,2,1,10,0,
y1903,DCE,∂π”Õ1903,2,1,10,0,
y1903,DCE,∂π”Õ1903,2,1,10,0,
y1903,DCE,∂π”Õ1903,2,1,10,0,
y1903,DCE,∂π”Õ1903,2,1,10,0,
y1903,DCE,∂π”Õ1903,2,1,10,0,
y1903,DCE,∂π”Õ1903,2,1,10,0,
y1903,DCE,∂π”Õ1903,2,1,10,0,
y1903,DCE,∂π”Õ1903,2,1,10,0,
y1903,DCE,∂π”Õ1903,2,1,10,0,
y1903,DCE,∂π”Õ1903,2,1,10,0,
y1903,DCE,∂π”Õ1903,2,1,10,0,
y1903,DCE,∂π”Õ1903,2,1,10,0,
y1903,DCE,∂π”Õ1903,2,1,10,0,
y1903,DCE,∂π”Õ1903,2,1,10,0,
y1903,DCE,∂π”Õ1903,2,1,10,0,
y1903,DCE,∂π”Õ1903,2,1,10,0,
y1903,DCE,∂π”Õ1903,2,1,10,0,
y1903,DCE,∂π”Õ1903,2,1,10,0,
y1903,DCE,∂π”Õ1903,2,1,10,0,
y1903,DCE,∂π”Õ1903,2,1,10,0,
y1903,DCE,∂π”Õ1903,2,1,10,0,
y1903,DCE,∂π”Õ1903,2,1,10,0,
y1903,DCE,∂π”Õ1903,2,1,10,0,
y1903,DCE,∂π”Õ1903,2,1,10,0,
y1903,DCE,∂π”Õ1903,2,1,10,0,
y1903,DCE,∂π”Õ1903,2,1,10,0,
y1903,DCE,∂π”Õ1903,2,1,10,0,
y1903,DCE,∂π”Õ1903,2,1,10,0,
y1903,DCE,∂π”Õ1903,2,1,10,0,
y1903,DCE,∂π”Õ1903,2,1,10,0,
y1903,DCE,∂π”Õ1903,2,1,10,0,
y1903,DCE,∂π”Õ1903,2,1,10,0,
y1903,DCE,∂π”Õ1903,2,1,10,0,
y1903,DCE,∂π”Õ1903,2,1,10,0,
y1903,DCE,∂π”Õ1903,2,1,10,0,
y1903,DCE,∂π”Õ1903,2,1,10,0,
y1903,DCE,∂π”Õ1903,2,1,10,0,
y1903,DCE,∂π”Õ1903,2,1,10,0,
y1903,DCE,∂π”Õ1903,2,1,10,0,
y1903,DCE,∂π”Õ1903,2,1,10,0,
