ZC901,CZCE,动力煤ZC901,0.2,1,100,0,
ZC901,CZCE,动力煤ZC901,0.2,1,100,0,
ZC901,CZCE,动力煤ZC901,0.2,1,100,0,
ZC901,CZCE,动力煤ZC901,0.2,1,100,0,
ZC901,CZCE,动力煤ZC901,0.2,1,100,0,
ZC901,CZCE,动力煤ZC901,0.2,1,100,0,
ZC901,CZCE,动力煤ZC901,0.2,1,100,0,
ZC901,CZCE,动力煤ZC901,0.2,1,100,0,
ZC901,CZCE,动力煤ZC901,0.2,1,100,0,
ZC901,CZCE,动力煤ZC901,0.2,1,100,0,
ZC901,CZCE,动力煤ZC901,0.2,1,100,0,
ZC901,CZCE,动力煤ZC901,0.2,1,100,0,
ZC901,CZCE,动力煤ZC901,0.2,1,100,0,
ZC901,CZCE,动力煤ZC901,0.2,1,100,0,
ZC901,CZCE,动力煤ZC901,0.2,1,100,0,
ZC901,CZCE,动力煤ZC901,0.2,1,100,0,
ZC901,CZCE,动力煤ZC901,0.2,1,100,0,
ZC901,CZCE,动力煤ZC901,0.2,1,100,0,
ZC901,CZCE,动力煤ZC901,0.2,1,100,0,
ZC901,CZCE,动力煤ZC901,0.2,1,100,0,
ZC901,CZCE,动力煤ZC901,0.2,1,100,0,
ZC901,CZCE,动力煤ZC901,0.2,1,100,0,
ZC901,CZCE,动力煤ZC901,0.2,1,100,0,
ZC901,CZCE,动力煤ZC901,0.2,1,100,0,
ZC901,CZCE,动力煤ZC901,0.2,1,100,0,
ZC901,CZCE,动力煤ZC901,0.2,1,100,0,
ZC901,CZCE,动力煤ZC901,0.2,1,100,0,
ZC901,CZCE,动力煤ZC901,0.2,1,100,0,
ZC901,CZCE,动力煤ZC901,0.2,1,100,0,
ZC901,CZCE,动力煤ZC901,0.2,1,100,0,
ZC901,CZCE,动力煤ZC901,0.2,1,100,0,
ZC901,CZCE,动力煤ZC901,0.2,1,100,0,
ZC901,CZCE,动力煤ZC901,0.2,1,100,0,
ZC901,CZCE,动力煤ZC901,0.2,1,100,0,
ZC901,CZCE,动力煤ZC901,0.2,1,100,0,
ZC901,CZCE,动力煤ZC901,0.2,1,100,0,
ZC901,CZCE,动力煤ZC901,0.2,1,100,0,
ZC901,CZCE,动力煤ZC901,0.2,1,100,0,
ZC901,CZCE,动力煤ZC901,0.2,1,100,0,
ZC901,CZCE,动力煤ZC901,0.2,1,100,0,
ZC901,CZCE,动力煤ZC901,0.2,1,100,0,
ZC901,CZCE,动力煤ZC901,0.2,1,100,0,
ZC901,CZCE,动力煤ZC901,0.2,1,100,0,
ZC901,CZCE,动力煤ZC901,0.2,1,100,0,
ZC901,CZCE,动力煤ZC901,0.2,1,100,0,
ZC901,CZCE,动力煤ZC901,0.2,1,100,0,
ZC901,CZCE,动力煤ZC901,0.2,1,100,0,
